,param_n_estimators,param_max_features,param_max_depth,params,mean_train_score,mean_test_score,keep
0,1,1,1,"{'max_depth': 1, 'max_features': 1, 'n_estimators': 1}",-0.768718212489699,-0.7388751024023305,1
1,3,1,1,"{'max_depth': 1, 'max_features': 1, 'n_estimators': 3}",-0.7033737753212483,-0.7201728913676513,1
2,5,1,1,"{'max_depth': 1, 'max_features': 1, 'n_estimators': 5}",-0.6702470725858147,-0.6912542473689529,1
3,7,1,1,"{'max_depth': 1, 'max_features': 1, 'n_estimators': 7}",-0.6661482857011765,-0.6728472663204268,1
4,10,1,1,"{'max_depth': 1, 'max_features': 1, 'n_estimators': 10}",-0.6710150807940372,-0.6813420019925682,1
5,15,1,1,"{'max_depth': 1, 'max_features': 1, 'n_estimators': 15}",-0.6665952850352651,-0.6770569255051138,1
6,20,1,1,"{'max_depth': 1, 'max_features': 1, 'n_estimators': 20}",-0.6697624483325428,-0.6809342355481959,1
7,50,1,1,"{'max_depth': 1, 'max_features': 1, 'n_estimators': 50}",-0.6612152761041108,-0.6732928984642081,1
8,1,5,1,"{'max_depth': 1, 'max_features': 5, 'n_estimators': 1}",-0.7396080950921003,-0.7748037202442836,1
9,3,5,1,"{'max_depth': 1, 'max_features': 5, 'n_estimators': 3}",-0.6639604906672241,-0.6854874898161699,1
10,5,5,1,"{'max_depth': 1, 'max_features': 5, 'n_estimators': 5}",-0.6666238322022374,-0.7045726532856664,1
11,7,5,1,"{'max_depth': 1, 'max_features': 5, 'n_estimators': 7}",-0.6502903265616362,-0.6880339137587728,1
12,10,5,1,"{'max_depth': 1, 'max_features': 5, 'n_estimators': 10}",-0.6455288529504524,-0.682100327680569,1
13,15,5,1,"{'max_depth': 1, 'max_features': 5, 'n_estimators': 15}",-0.6392527070279429,-0.6736740944291779,1
14,20,5,1,"{'max_depth': 1, 'max_features': 5, 'n_estimators': 20}",-0.6393570522338433,-0.6695317014299447,1
15,50,5,1,"{'max_depth': 1, 'max_features': 5, 'n_estimators': 50}",-0.6394612592015119,-0.6719570769741638,1
16,1,10,1,"{'max_depth': 1, 'max_features': 10, 'n_estimators': 1}",-0.7408389701655796,-0.7907104949605683,1
17,3,10,1,"{'max_depth': 1, 'max_features': 10, 'n_estimators': 3}",-0.6718074095021082,-0.6993311062802012,1
18,5,10,1,"{'max_depth': 1, 'max_features': 10, 'n_estimators': 5}",-0.6451929125076127,-0.6654608813624957,1
19,7,10,1,"{'max_depth': 1, 'max_features': 10, 'n_estimators': 7}",-0.6566472356470128,-0.7043476376721645,1
20,10,10,1,"{'max_depth': 1, 'max_features': 10, 'n_estimators': 10}",-0.6455818314149828,-0.671967007570436,1
21,15,10,1,"{'max_depth': 1, 'max_features': 10, 'n_estimators': 15}",-0.644824435607071,-0.6765061671860304,1
22,20,10,1,"{'max_depth': 1, 'max_features': 10, 'n_estimators': 20}",-0.6434193109628797,-0.6725787477055872,1
23,50,10,1,"{'max_depth': 1, 'max_features': 10, 'n_estimators': 50}",-0.6390046865964717,-0.6708464178205283,1
24,1,15,1,"{'max_depth': 1, 'max_features': 15, 'n_estimators': 1}",-0.7440817853232685,-0.7769119060546241,1
25,3,15,1,"{'max_depth': 1, 'max_features': 15, 'n_estimators': 3}",-0.6580619413048396,-0.6824418545394335,1
26,5,15,1,"{'max_depth': 1, 'max_features': 15, 'n_estimators': 5}",-0.6547882713718188,-0.6890247281129971,1
27,7,15,1,"{'max_depth': 1, 'max_features': 15, 'n_estimators': 7}",-0.6573841286210635,-0.6801644206673962,1
28,10,15,1,"{'max_depth': 1, 'max_features': 15, 'n_estimators': 10}",-0.6460760298358647,-0.6750401062247183,1
29,15,15,1,"{'max_depth': 1, 'max_features': 15, 'n_estimators': 15}",-0.6464873350059916,-0.6851031155972844,1
30,20,15,1,"{'max_depth': 1, 'max_features': 15, 'n_estimators': 20}",-0.6472038717318367,-0.675702190772366,1
31,50,15,1,"{'max_depth': 1, 'max_features': 15, 'n_estimators': 50}",-0.6387151278310944,-0.6705462196627165,1
32,1,20,1,"{'max_depth': 1, 'max_features': 20, 'n_estimators': 1}",-0.7427311098087096,-0.7509223145116388,1
33,3,20,1,"{'max_depth': 1, 'max_features': 20, 'n_estimators': 3}",-0.6769972624627638,-0.7093409615943578,1
34,5,20,1,"{'max_depth': 1, 'max_features': 20, 'n_estimators': 5}",-0.6509262645592077,-0.6771151553242477,1
35,7,20,1,"{'max_depth': 1, 'max_features': 20, 'n_estimators': 7}",-0.6578073265230577,-0.6900380489145439,1
36,10,20,1,"{'max_depth': 1, 'max_features': 20, 'n_estimators': 10}",-0.6554718278360078,-0.6927440802309239,1
37,15,20,1,"{'max_depth': 1, 'max_features': 20, 'n_estimators': 15}",-0.648842983101894,-0.6784346387309956,1
38,20,20,1,"{'max_depth': 1, 'max_features': 20, 'n_estimators': 20}",-0.6358428319018797,-0.6616580404666506,1
39,50,20,1,"{'max_depth': 1, 'max_features': 20, 'n_estimators': 50}",-0.6372146804653347,-0.666784476147522,1
40,1,1,3,"{'max_depth': 3, 'max_features': 1, 'n_estimators': 1}",-0.6002904510771012,-0.6752833673200898,0
41,3,1,3,"{'max_depth': 3, 'max_features': 1, 'n_estimators': 3}",-0.5307086879897621,-0.5691893471970049,1
42,5,1,3,"{'max_depth': 3, 'max_features': 1, 'n_estimators': 5}",-0.5230237779053586,-0.5461295472706935,1
43,7,1,3,"{'max_depth': 3, 'max_features': 1, 'n_estimators': 7}",-0.5195888773213533,-0.5800160414987505,0
44,10,1,3,"{'max_depth': 3, 'max_features': 1, 'n_estimators': 10}",-0.5083545052647105,-0.5616349847754465,1
45,15,1,3,"{'max_depth': 3, 'max_features': 1, 'n_estimators': 15}",-0.5051103046499202,-0.5530454636217647,1
46,20,1,3,"{'max_depth': 3, 'max_features': 1, 'n_estimators': 20}",-0.5018206623537841,-0.5448396857097897,1
47,50,1,3,"{'max_depth': 3, 'max_features': 1, 'n_estimators': 50}",-0.5004115501989063,-0.5481562388190164,1
48,1,5,3,"{'max_depth': 3, 'max_features': 5, 'n_estimators': 1}",-0.5471554865665,-0.6278845213984537,0
49,3,5,3,"{'max_depth': 3, 'max_features': 5, 'n_estimators': 3}",-0.4927206738298103,-0.5651859058242824,0
50,5,5,3,"{'max_depth': 3, 'max_features': 5, 'n_estimators': 5}",-0.48461676512995056,-0.5512159582315685,0
51,7,5,3,"{'max_depth': 3, 'max_features': 5, 'n_estimators': 7}",-0.48037371122166367,-0.5547416145945093,0
52,10,5,3,"{'max_depth': 3, 'max_features': 5, 'n_estimators': 10}",-0.47855930130155394,-0.5405549832063026,0
53,15,5,3,"{'max_depth': 3, 'max_features': 5, 'n_estimators': 15}",-0.47290749606893956,-0.5390121587839507,0
54,20,5,3,"{'max_depth': 3, 'max_features': 5, 'n_estimators': 20}",-0.4751867234036382,-0.5456304921783088,0
55,50,5,3,"{'max_depth': 3, 'max_features': 5, 'n_estimators': 50}",-0.47191521400789593,-0.535203824209278,0
56,1,10,3,"{'max_depth': 3, 'max_features': 10, 'n_estimators': 1}",-0.5448525749465578,-0.6207610960414781,0
57,3,10,3,"{'max_depth': 3, 'max_features': 10, 'n_estimators': 3}",-0.48973950083922657,-0.5565423090580285,0
58,5,10,3,"{'max_depth': 3, 'max_features': 10, 'n_estimators': 5}",-0.4846839546743237,-0.5605060697138569,0
59,7,10,3,"{'max_depth': 3, 'max_features': 10, 'n_estimators': 7}",-0.4784583805761252,-0.5536157700534676,0
60,10,10,3,"{'max_depth': 3, 'max_features': 10, 'n_estimators': 10}",-0.47791118901629626,-0.5515638610253701,0
61,15,10,3,"{'max_depth': 3, 'max_features': 10, 'n_estimators': 15}",-0.4759907936285467,-0.5488644546573035,0
62,20,10,3,"{'max_depth': 3, 'max_features': 10, 'n_estimators': 20}",-0.47452354093040644,-0.5448621719632786,0
63,50,10,3,"{'max_depth': 3, 'max_features': 10, 'n_estimators': 50}",-0.4715477004433114,-0.5375867523274105,0
64,1,15,3,"{'max_depth': 3, 'max_features': 15, 'n_estimators': 1}",-0.5496962856027217,-0.622752370149527,0
65,3,15,3,"{'max_depth': 3, 'max_features': 15, 'n_estimators': 3}",-0.49727091694541875,-0.5769995585888333,0
66,5,15,3,"{'max_depth': 3, 'max_features': 15, 'n_estimators': 5}",-0.4881644460737249,-0.5585644035801888,0
67,7,15,3,"{'max_depth': 3, 'max_features': 15, 'n_estimators': 7}",-0.48136514121969504,-0.5632526275375415,0
68,10,15,3,"{'max_depth': 3, 'max_features': 15, 'n_estimators': 10}",-0.47482616511965803,-0.5313743151512469,1
69,15,15,3,"{'max_depth': 3, 'max_features': 15, 'n_estimators': 15}",-0.47379768964356545,-0.5414514110038365,0
70,20,15,3,"{'max_depth': 3, 'max_features': 15, 'n_estimators': 20}",-0.4764082763491257,-0.5425500936267401,0
71,50,15,3,"{'max_depth': 3, 'max_features': 15, 'n_estimators': 50}",-0.47170849543866017,-0.5378194110717309,0
72,1,20,3,"{'max_depth': 3, 'max_features': 20, 'n_estimators': 1}",-0.5427903634802591,-0.6051417610292498,0
73,3,20,3,"{'max_depth': 3, 'max_features': 20, 'n_estimators': 3}",-0.4910528498198217,-0.5690904842702569,0
74,5,20,3,"{'max_depth': 3, 'max_features': 20, 'n_estimators': 5}",-0.48229343511129014,-0.5466585555683742,0
75,7,20,3,"{'max_depth': 3, 'max_features': 20, 'n_estimators': 7}",-0.48054706646927386,-0.5455914658311299,0
76,10,20,3,"{'max_depth': 3, 'max_features': 20, 'n_estimators': 10}",-0.47826970450251044,-0.5383558594239846,0
77,15,20,3,"{'max_depth': 3, 'max_features': 20, 'n_estimators': 15}",-0.47331592720406146,-0.5364996901579617,0
78,20,20,3,"{'max_depth': 3, 'max_features': 20, 'n_estimators': 20}",-0.4750919334284731,-0.5353772479309972,0
79,50,20,3,"{'max_depth': 3, 'max_features': 20, 'n_estimators': 50}",-0.4718368276742747,-0.5354344253332932,0
80,1,1,5,"{'max_depth': 5, 'max_features': 1, 'n_estimators': 1}",-0.5211041321746468,-0.6497519851374258,0
81,3,1,5,"{'max_depth': 5, 'max_features': 1, 'n_estimators': 3}",-0.438514663182871,-0.5688396587595238,0
82,5,1,5,"{'max_depth': 5, 'max_features': 1, 'n_estimators': 5}",-0.4127423016911903,-0.5358825736692554,0
83,7,1,5,"{'max_depth': 5, 'max_features': 1, 'n_estimators': 7}",-0.40998777163752465,-0.5267591962449383,0
84,10,1,5,"{'max_depth': 5, 'max_features': 1, 'n_estimators': 10}",-0.39394894518503426,-0.4992572529472298,0
85,15,1,5,"{'max_depth': 5, 'max_features': 1, 'n_estimators': 15}",-0.39650816873447214,-0.5130343266364196,0
86,20,1,5,"{'max_depth': 5, 'max_features': 1, 'n_estimators': 20}",-0.3957192403386426,-0.5084638253549116,0
87,50,1,5,"{'max_depth': 5, 'max_features': 1, 'n_estimators': 50}",-0.386350477671526,-0.49762282960448934,0
88,1,5,5,"{'max_depth': 5, 'max_features': 5, 'n_estimators': 1}",-0.46194349706980314,-0.5923304345150051,0
89,3,5,5,"{'max_depth': 5, 'max_features': 5, 'n_estimators': 3}",-0.36588383733646274,-0.5313229729349883,0
90,5,5,5,"{'max_depth': 5, 'max_features': 5, 'n_estimators': 5}",-0.3410865223803547,-0.5199266124165833,0
91,7,5,5,"{'max_depth': 5, 'max_features': 5, 'n_estimators': 7}",-0.34143497438877246,-0.5069895525270525,0
92,10,5,5,"{'max_depth': 5, 'max_features': 5, 'n_estimators': 10}",-0.33734029671317395,-0.5211306355325783,0
93,15,5,5,"{'max_depth': 5, 'max_features': 5, 'n_estimators': 15}",-0.33178208969290923,-0.48768938678416013,0
94,20,5,5,"{'max_depth': 5, 'max_features': 5, 'n_estimators': 20}",-0.3311995630362759,-0.4974413093494081,0
95,50,5,5,"{'max_depth': 5, 'max_features': 5, 'n_estimators': 50}",-0.3255230986953869,-0.4871758950344841,0
96,1,10,5,"{'max_depth': 5, 'max_features': 10, 'n_estimators': 1}",-0.46541095116550635,-0.627414655036538,0
97,3,10,5,"{'max_depth': 5, 'max_features': 10, 'n_estimators': 3}",-0.36956406274033604,-0.5367379945517484,0
98,5,10,5,"{'max_depth': 5, 'max_features': 10, 'n_estimators': 5}",-0.3459988212569295,-0.5177428782250019,0
99,7,10,5,"{'max_depth': 5, 'max_features': 10, 'n_estimators': 7}",-0.3357451930701904,-0.49402240143892484,0
100,10,10,5,"{'max_depth': 5, 'max_features': 10, 'n_estimators': 10}",-0.3369100265961956,-0.4891859767223294,0
101,15,10,5,"{'max_depth': 5, 'max_features': 10, 'n_estimators': 15}",-0.32882919728762444,-0.49548038153278445,0
102,20,10,5,"{'max_depth': 5, 'max_features': 10, 'n_estimators': 20}",-0.33024921880483404,-0.5084655057809438,0
103,50,10,5,"{'max_depth': 5, 'max_features': 10, 'n_estimators': 50}",-0.32553606025056436,-0.4940016275954071,0
104,1,15,5,"{'max_depth': 5, 'max_features': 15, 'n_estimators': 1}",-0.46698737667689566,-0.6476814031241396,0
105,3,15,5,"{'max_depth': 5, 'max_features': 15, 'n_estimators': 3}",-0.3663016995650952,-0.5362098325513057,0
106,5,15,5,"{'max_depth': 5, 'max_features': 15, 'n_estimators': 5}",-0.34940228184031563,-0.5197530764492214,0
107,7,15,5,"{'max_depth': 5, 'max_features': 15, 'n_estimators': 7}",-0.33995143043943205,-0.5038719853635842,0
108,10,15,5,"{'max_depth': 5, 'max_features': 15, 'n_estimators': 10}",-0.33495441169288387,-0.5137474966162962,0
109,15,15,5,"{'max_depth': 5, 'max_features': 15, 'n_estimators': 15}",-0.3252331561084693,-0.5112192121348491,0
110,20,15,5,"{'max_depth': 5, 'max_features': 15, 'n_estimators': 20}",-0.3290814322854888,-0.5057568845785121,0
111,50,15,5,"{'max_depth': 5, 'max_features': 15, 'n_estimators': 50}",-0.32573063851999334,-0.4873034125697635,0
112,1,20,5,"{'max_depth': 5, 'max_features': 20, 'n_estimators': 1}",-0.4751852168728556,-0.6230765879325414,0
113,3,20,5,"{'max_depth': 5, 'max_features': 20, 'n_estimators': 3}",-0.36283922522086065,-0.5649252291268992,0
114,5,20,5,"{'max_depth': 5, 'max_features': 20, 'n_estimators': 5}",-0.3516126549076969,-0.5666571115148644,0
115,7,20,5,"{'max_depth': 5, 'max_features': 20, 'n_estimators': 7}",-0.34375049264045554,-0.5265265866348173,0
116,10,20,5,"{'max_depth': 5, 'max_features': 20, 'n_estimators': 10}",-0.3352317847874583,-0.5103097059093635,0
117,15,20,5,"{'max_depth': 5, 'max_features': 20, 'n_estimators': 15}",-0.33010780302895965,-0.48262495334040345,0
118,20,20,5,"{'max_depth': 5, 'max_features': 20, 'n_estimators': 20}",-0.33267302639314805,-0.49367116723300375,0
119,50,20,5,"{'max_depth': 5, 'max_features': 20, 'n_estimators': 50}",-0.3233733435364849,-0.49240451629395016,0
120,1,1,7,"{'max_depth': 7, 'max_features': 1, 'n_estimators': 1}",-0.4677952254406629,-0.6215346260752392,0
121,3,1,7,"{'max_depth': 7, 'max_features': 1, 'n_estimators': 3}",-0.32575686507000506,-0.5449813790435248,0
122,5,1,7,"{'max_depth': 7, 'max_features': 1, 'n_estimators': 5}",-0.3045831136971241,-0.5175034578706068,0
123,7,1,7,"{'max_depth': 7, 'max_features': 1, 'n_estimators': 7}",-0.2831727082301301,-0.522911940634718,0
124,10,1,7,"{'max_depth': 7, 'max_features': 1, 'n_estimators': 10}",-0.27553935246847017,-0.5057222449990573,0
125,15,1,7,"{'max_depth': 7, 'max_features': 1, 'n_estimators': 15}",-0.2755021610094423,-0.4678274934091874,0
126,20,1,7,"{'max_depth': 7, 'max_features': 1, 'n_estimators': 20}",-0.2753448798040413,-0.48979305283467534,0
127,50,1,7,"{'max_depth': 7, 'max_features': 1, 'n_estimators': 50}",-0.26326016639326444,-0.4775274515293727,0
128,1,5,7,"{'max_depth': 7, 'max_features': 5, 'n_estimators': 1}",-0.38507463581948637,-0.7766169704598561,0
129,3,5,7,"{'max_depth': 7, 'max_features': 5, 'n_estimators': 3}",-0.25747537437945167,-0.5766038124525205,0
130,5,5,7,"{'max_depth': 7, 'max_features': 5, 'n_estimators': 5}",-0.22843369843270184,-0.5475560791937126,0
131,7,5,7,"{'max_depth': 7, 'max_features': 5, 'n_estimators': 7}",-0.22193365328963438,-0.5082025227464649,0
132,10,5,7,"{'max_depth': 7, 'max_features': 5, 'n_estimators': 10}",-0.2092921883301722,-0.5003215227500297,0
133,15,5,7,"{'max_depth': 7, 'max_features': 5, 'n_estimators': 15}",-0.20270093578261994,-0.515325924711819,0
134,20,5,7,"{'max_depth': 7, 'max_features': 5, 'n_estimators': 20}",-0.201926014697414,-0.4775083359154224,0
135,50,5,7,"{'max_depth': 7, 'max_features': 5, 'n_estimators': 50}",-0.19061928102792486,-0.4891239292691215,0
136,1,10,7,"{'max_depth': 7, 'max_features': 10, 'n_estimators': 1}",-0.4243751230453561,-0.7868446206139192,0
137,3,10,7,"{'max_depth': 7, 'max_features': 10, 'n_estimators': 3}",-0.25918084276298764,-0.6037523761816186,0
138,5,10,7,"{'max_depth': 7, 'max_features': 10, 'n_estimators': 5}",-0.2306720744097702,-0.5220257139247497,0
139,7,10,7,"{'max_depth': 7, 'max_features': 10, 'n_estimators': 7}",-0.21814158752806617,-0.5143718617576108,0
140,10,10,7,"{'max_depth': 7, 'max_features': 10, 'n_estimators': 10}",-0.21122985558521337,-0.48889622265888955,0
141,15,10,7,"{'max_depth': 7, 'max_features': 10, 'n_estimators': 15}",-0.20172003622843054,-0.48912230168305293,0
142,20,10,7,"{'max_depth': 7, 'max_features': 10, 'n_estimators': 20}",-0.20123806655327617,-0.49753823514145407,0
143,50,10,7,"{'max_depth': 7, 'max_features': 10, 'n_estimators': 50}",-0.19571871479365752,-0.48529490845602447,0
144,1,15,7,"{'max_depth': 7, 'max_features': 15, 'n_estimators': 1}",-0.3895087326755821,-0.7657888483238394,0
145,3,15,7,"{'max_depth': 7, 'max_features': 15, 'n_estimators': 3}",-0.2566521985277207,-0.5798382777800282,0
146,5,15,7,"{'max_depth': 7, 'max_features': 15, 'n_estimators': 5}",-0.22870843879059607,-0.554119408836325,0
147,7,15,7,"{'max_depth': 7, 'max_features': 15, 'n_estimators': 7}",-0.22107274030289967,-0.48933059246096766,0
148,10,15,7,"{'max_depth': 7, 'max_features': 15, 'n_estimators': 10}",-0.21249915613358752,-0.5048599861552432,0
149,15,15,7,"{'max_depth': 7, 'max_features': 15, 'n_estimators': 15}",-0.20095855726067557,-0.48018074309920966,0
150,20,15,7,"{'max_depth': 7, 'max_features': 15, 'n_estimators': 20}",-0.2045621247230062,-0.4877310406376168,0
151,50,15,7,"{'max_depth': 7, 'max_features': 15, 'n_estimators': 50}",-0.19283305673513082,-0.4760581564731582,0
152,1,20,7,"{'max_depth': 7, 'max_features': 20, 'n_estimators': 1}",-0.4098986344211449,-0.6592201203188727,0
153,3,20,7,"{'max_depth': 7, 'max_features': 20, 'n_estimators': 3}",-0.26951080785693493,-0.57484515433805,0
154,5,20,7,"{'max_depth': 7, 'max_features': 20, 'n_estimators': 5}",-0.23393692670371058,-0.4755988529242597,0
155,7,20,7,"{'max_depth': 7, 'max_features': 20, 'n_estimators': 7}",-0.21433266144150043,-0.5390132533099894,0
156,10,20,7,"{'max_depth': 7, 'max_features': 20, 'n_estimators': 10}",-0.20998046648616447,-0.49901537510149696,0
157,15,20,7,"{'max_depth': 7, 'max_features': 20, 'n_estimators': 15}",-0.20535524255479637,-0.49119175324576414,0
158,20,20,7,"{'max_depth': 7, 'max_features': 20, 'n_estimators': 20}",-0.20069817749653768,-0.4769709459294,0
159,50,20,7,"{'max_depth': 7, 'max_features': 20, 'n_estimators': 50}",-0.1995318734126977,-0.474418637610211,0
160,1,1,10,"{'max_depth': 10, 'max_features': 1, 'n_estimators': 1}",-0.3881346741508208,-0.8395078119389723,0
161,3,1,10,"{'max_depth': 10, 'max_features': 1, 'n_estimators': 3}",-0.20950651498847725,-0.5601519942456721,0
162,5,1,10,"{'max_depth': 10, 'max_features': 1, 'n_estimators': 5}",-0.1752665533852747,-0.49220737981496104,0
163,7,1,10,"{'max_depth': 10, 'max_features': 1, 'n_estimators': 7}",-0.16926456766637088,-0.5113804245918099,0
164,10,1,10,"{'max_depth': 10, 'max_features': 1, 'n_estimators': 10}",-0.1515433208476486,-0.5050728589518971,0
165,15,1,10,"{'max_depth': 10, 'max_features': 1, 'n_estimators': 15}",-0.14665478053733347,-0.47369500638036666,0
166,20,1,10,"{'max_depth': 10, 'max_features': 1, 'n_estimators': 20}",-0.14527343239967047,-0.4729154447168269,0
167,50,1,10,"{'max_depth': 10, 'max_features': 1, 'n_estimators': 50}",-0.1350129623131521,-0.4619708891068062,0
168,1,5,10,"{'max_depth': 10, 'max_features': 5, 'n_estimators': 1}",-0.3637357260751142,-0.8543094426800458,0
169,3,5,10,"{'max_depth': 10, 'max_features': 5, 'n_estimators': 3}",-0.17999024256226412,-0.5407511695273841,0
170,5,5,10,"{'max_depth': 10, 'max_features': 5, 'n_estimators': 5}",-0.14766521769217256,-0.537031357197285,0
171,7,5,10,"{'max_depth': 10, 'max_features': 5, 'n_estimators': 7}",-0.12906663526594533,-0.5080429538554616,0
172,10,5,10,"{'max_depth': 10, 'max_features': 5, 'n_estimators': 10}",-0.11927621786955848,-0.5169246449284628,0
173,15,5,10,"{'max_depth': 10, 'max_features': 5, 'n_estimators': 15}",-0.10986740988227742,-0.48066899089629833,0
174,20,5,10,"{'max_depth': 10, 'max_features': 5, 'n_estimators': 20}",-0.10917074781506075,-0.46758629736541824,0
175,50,5,10,"{'max_depth': 10, 'max_features': 5, 'n_estimators': 50}",-0.09732400766963886,-0.47591735929378104,0
176,1,10,10,"{'max_depth': 10, 'max_features': 10, 'n_estimators': 1}",-0.33285322170921916,-0.8797667439473311,0
177,3,10,10,"{'max_depth': 10, 'max_features': 10, 'n_estimators': 3}",-0.19965466220850447,-0.5815072817164354,0
178,5,10,10,"{'max_depth': 10, 'max_features': 10, 'n_estimators': 5}",-0.14219190427501743,-0.5291073105576413,0
179,7,10,10,"{'max_depth': 10, 'max_features': 10, 'n_estimators': 7}",-0.13516270838451985,-0.5091887082429071,0
180,10,10,10,"{'max_depth': 10, 'max_features': 10, 'n_estimators': 10}",-0.12217376203398074,-0.5512527578127943,0
181,15,10,10,"{'max_depth': 10, 'max_features': 10, 'n_estimators': 15}",-0.1078829832988184,-0.4803195667926318,0
182,20,10,10,"{'max_depth': 10, 'max_features': 10, 'n_estimators': 20}",-0.10907673804873186,-0.5001721161989886,0
183,50,10,10,"{'max_depth': 10, 'max_features': 10, 'n_estimators': 50}",-0.09926015729964352,-0.47172471020577467,0
184,1,15,10,"{'max_depth': 10, 'max_features': 15, 'n_estimators': 1}",-0.35394468666033485,-0.9643785826616922,0
185,3,15,10,"{'max_depth': 10, 'max_features': 15, 'n_estimators': 3}",-0.16720056562888286,-0.6718948774606812,0
186,5,15,10,"{'max_depth': 10, 'max_features': 15, 'n_estimators': 5}",-0.14743031164531875,-0.5387431349430117,0
187,7,15,10,"{'max_depth': 10, 'max_features': 15, 'n_estimators': 7}",-0.13075050949058564,-0.5050382112285667,0
188,10,15,10,"{'max_depth': 10, 'max_features': 15, 'n_estimators': 10}",-0.1191466751622197,-0.530388700761669,0
189,15,15,10,"{'max_depth': 10, 'max_features': 15, 'n_estimators': 15}",-0.11117696774087522,-0.49614974516962773,0
190,20,15,10,"{'max_depth': 10, 'max_features': 15, 'n_estimators': 20}",-0.1056884443400454,-0.49694663208151335,0
191,50,15,10,"{'max_depth': 10, 'max_features': 15, 'n_estimators': 50}",-0.09935607686042389,-0.48428046597330454,0
192,1,20,10,"{'max_depth': 10, 'max_features': 20, 'n_estimators': 1}",-0.3553581401932739,-0.8788819917136461,0
193,3,20,10,"{'max_depth': 10, 'max_features': 20, 'n_estimators': 3}",-0.17891344168397721,-0.5555299493712882,0
194,5,20,10,"{'max_depth': 10, 'max_features': 20, 'n_estimators': 5}",-0.14319350255012486,-0.5616775662913337,0
195,7,20,10,"{'max_depth': 10, 'max_features': 20, 'n_estimators': 7}",-0.13680856458347918,-0.5276027019360882,0
196,10,20,10,"{'max_depth': 10, 'max_features': 20, 'n_estimators': 10}",-0.11967599087077677,-0.5131567831134531,0
197,15,20,10,"{'max_depth': 10, 'max_features': 20, 'n_estimators': 15}",-0.11034407791041974,-0.49298502477046025,0
198,20,20,10,"{'max_depth': 10, 'max_features': 20, 'n_estimators': 20}",-0.10709545404087059,-0.48379800105866744,0
199,50,20,10,"{'max_depth': 10, 'max_features': 20, 'n_estimators': 50}",-0.0996812887884009,-0.470710802970279,0
200,1,1,12,"{'max_depth': 12, 'max_features': 1, 'n_estimators': 1}",-0.3412945537323244,-0.8391373953632325,0
201,3,1,12,"{'max_depth': 12, 'max_features': 1, 'n_estimators': 3}",-0.18209881992618798,-0.590737518048255,0
202,5,1,12,"{'max_depth': 12, 'max_features': 1, 'n_estimators': 5}",-0.14150159029249926,-0.5011797966952594,0
203,7,1,12,"{'max_depth': 12, 'max_features': 1, 'n_estimators': 7}",-0.1316200669950059,-0.5144802314484098,0
204,10,1,12,"{'max_depth': 12, 'max_features': 1, 'n_estimators': 10}",-0.11662619633265996,-0.5225530456453558,0
205,15,1,12,"{'max_depth': 12, 'max_features': 1, 'n_estimators': 15}",-0.1085188780374331,-0.47859003943570516,0
206,20,1,12,"{'max_depth': 12, 'max_features': 1, 'n_estimators': 20}",-0.10528941721544889,-0.4904798318687643,0
207,50,1,12,"{'max_depth': 12, 'max_features': 1, 'n_estimators': 50}",-0.09644919459364834,-0.4738033265132021,0
208,1,5,12,"{'max_depth': 12, 'max_features': 5, 'n_estimators': 1}",-0.3276599314084231,-0.779106701088095,0
209,3,5,12,"{'max_depth': 12, 'max_features': 5, 'n_estimators': 3}",-0.15954536819661563,-0.5737829745994589,0
210,5,5,12,"{'max_depth': 12, 'max_features': 5, 'n_estimators': 5}",-0.13329261683228438,-0.5089163753391884,0
211,7,5,12,"{'max_depth': 12, 'max_features': 5, 'n_estimators': 7}",-0.10950671662532852,-0.5153121808793981,0
212,10,5,12,"{'max_depth': 12, 'max_features': 5, 'n_estimators': 10}",-0.10113007525302568,-0.5189744463261898,0
213,15,5,12,"{'max_depth': 12, 'max_features': 5, 'n_estimators': 15}",-0.09101293713731687,-0.5161355122234046,0
214,20,5,12,"{'max_depth': 12, 'max_features': 5, 'n_estimators': 20}",-0.08751848791141224,-0.4850588943930559,0
215,50,5,12,"{'max_depth': 12, 'max_features': 5, 'n_estimators': 50}",-0.08003365759070763,-0.47343875751354264,0
216,1,10,12,"{'max_depth': 12, 'max_features': 10, 'n_estimators': 1}",-0.3316495229041603,-0.8393269698571343,0
217,3,10,12,"{'max_depth': 12, 'max_features': 10, 'n_estimators': 3}",-0.16311971732658387,-0.6173082004545484,0
218,5,10,12,"{'max_depth': 12, 'max_features': 10, 'n_estimators': 5}",-0.13008009218262828,-0.5477615860720841,0
219,7,10,12,"{'max_depth': 12, 'max_features': 10, 'n_estimators': 7}",-0.11186213651565949,-0.5686623568856196,0
220,10,10,12,"{'max_depth': 12, 'max_features': 10, 'n_estimators': 10}",-0.09781742444251636,-0.5340205716383369,0
221,15,10,12,"{'max_depth': 12, 'max_features': 10, 'n_estimators': 15}",-0.09178960063683174,-0.4937653713674979,0
222,20,10,12,"{'max_depth': 12, 'max_features': 10, 'n_estimators': 20}",-0.08710854784314392,-0.45853677893856626,0
223,50,10,12,"{'max_depth': 12, 'max_features': 10, 'n_estimators': 50}",-0.07900930325658082,-0.4771046822651,0
224,1,15,12,"{'max_depth': 12, 'max_features': 15, 'n_estimators': 1}",-0.34413133922737704,-0.8906269167408679,0
225,3,15,12,"{'max_depth': 12, 'max_features': 15, 'n_estimators': 3}",-0.16397373965813397,-0.5955343939387071,0
226,5,15,12,"{'max_depth': 12, 'max_features': 15, 'n_estimators': 5}",-0.12748730469128658,-0.5497677956293971,0
227,7,15,12,"{'max_depth': 12, 'max_features': 15, 'n_estimators': 7}",-0.11018860584296788,-0.5044198470376237,0
228,10,15,12,"{'max_depth': 12, 'max_features': 15, 'n_estimators': 10}",-0.0989303126989298,-0.5217925875477247,0
229,15,15,12,"{'max_depth': 12, 'max_features': 15, 'n_estimators': 15}",-0.09117467801823022,-0.5146604097140035,0
230,20,15,12,"{'max_depth': 12, 'max_features': 15, 'n_estimators': 20}",-0.0903350973460456,-0.4954232496713207,0
231,50,15,12,"{'max_depth': 12, 'max_features': 15, 'n_estimators': 50}",-0.08031383628367858,-0.478968473329554,0
232,1,20,12,"{'max_depth': 12, 'max_features': 20, 'n_estimators': 1}",-0.3575905573289463,-0.9460849818164814,0
233,3,20,12,"{'max_depth': 12, 'max_features': 20, 'n_estimators': 3}",-0.17084768188818356,-0.6082811725245187,0
234,5,20,12,"{'max_depth': 12, 'max_features': 20, 'n_estimators': 5}",-0.1279502920591113,-0.554176942817031,0
235,7,20,12,"{'max_depth': 12, 'max_features': 20, 'n_estimators': 7}",-0.11463273056705611,-0.5245141282422587,0
236,10,20,12,"{'max_depth': 12, 'max_features': 20, 'n_estimators': 10}",-0.10159828901779396,-0.5077216096884122,0
237,15,20,12,"{'max_depth': 12, 'max_features': 20, 'n_estimators': 15}",-0.09493970633970802,-0.46787694006913066,0
238,20,20,12,"{'max_depth': 12, 'max_features': 20, 'n_estimators': 20}",-0.0885811034264509,-0.512501703984115,0
239,50,20,12,"{'max_depth': 12, 'max_features': 20, 'n_estimators': 50}",-0.07986325400568373,-0.47089658527871087,0
240,1,1,15,"{'max_depth': 15, 'max_features': 1, 'n_estimators': 1}",-0.3551037646868645,-0.9837947426773959,0
241,3,1,15,"{'max_depth': 15, 'max_features': 1, 'n_estimators': 3}",-0.16417732411631697,-0.6415615460983174,0
242,5,1,15,"{'max_depth': 15, 'max_features': 1, 'n_estimators': 5}",-0.12558089890282312,-0.5560225261741228,0
243,7,1,15,"{'max_depth': 15, 'max_features': 1, 'n_estimators': 7}",-0.10902906168361311,-0.49202737529345014,0
244,10,1,15,"{'max_depth': 15, 'max_features': 1, 'n_estimators': 10}",-0.0964409167404552,-0.4979359383610623,0
245,15,1,15,"{'max_depth': 15, 'max_features': 1, 'n_estimators': 15}",-0.08880219133123828,-0.4889474691641428,0
246,20,1,15,"{'max_depth': 15, 'max_features': 1, 'n_estimators': 20}",-0.08114348028845171,-0.4675633336719461,0
247,50,1,15,"{'max_depth': 15, 'max_features': 1, 'n_estimators': 50}",-0.07478637430470667,-0.4737855467110192,0
248,1,5,15,"{'max_depth': 15, 'max_features': 5, 'n_estimators': 1}",-0.33838587333196696,-0.7997431388303843,0
249,3,5,15,"{'max_depth': 15, 'max_features': 5, 'n_estimators': 3}",-0.15998160333679462,-0.6027787401032935,0
250,5,5,15,"{'max_depth': 15, 'max_features': 5, 'n_estimators': 5}",-0.1177754939091384,-0.5513237238741265,0
251,7,5,15,"{'max_depth': 15, 'max_features': 5, 'n_estimators': 7}",-0.10144701697346008,-0.5430092676404975,0
252,10,5,15,"{'max_depth': 15, 'max_features': 5, 'n_estimators': 10}",-0.09212150805608683,-0.5413190266669646,0
253,15,5,15,"{'max_depth': 15, 'max_features': 5, 'n_estimators': 15}",-0.08457410236904746,-0.49075597231108886,0
254,20,5,15,"{'max_depth': 15, 'max_features': 5, 'n_estimators': 20}",-0.07868952887603227,-0.49096967273298686,0
255,50,5,15,"{'max_depth': 15, 'max_features': 5, 'n_estimators': 50}",-0.07158300890154894,-0.47231938275678653,0
256,1,10,15,"{'max_depth': 15, 'max_features': 10, 'n_estimators': 1}",-0.28467535637651453,-0.8070701543578412,0
257,3,10,15,"{'max_depth': 15, 'max_features': 10, 'n_estimators': 3}",-0.16084085903329753,-0.6096327417810047,0
258,5,10,15,"{'max_depth': 15, 'max_features': 10, 'n_estimators': 5}",-0.12498659845833911,-0.5193825330445939,0
259,7,10,15,"{'max_depth': 15, 'max_features': 10, 'n_estimators': 7}",-0.10553918830336899,-0.5192145674371831,0
260,10,10,15,"{'max_depth': 15, 'max_features': 10, 'n_estimators': 10}",-0.0924963565765139,-0.5222143920036151,0
261,15,10,15,"{'max_depth': 15, 'max_features': 10, 'n_estimators': 15}",-0.08386457037010635,-0.49074719644573167,0
262,20,10,15,"{'max_depth': 15, 'max_features': 10, 'n_estimators': 20}",-0.07821500934655998,-0.4916173927880891,0
263,50,10,15,"{'max_depth': 15, 'max_features': 10, 'n_estimators': 50}",-0.07094337948757454,-0.48422010763571155,0
264,1,15,15,"{'max_depth': 15, 'max_features': 15, 'n_estimators': 1}",-0.3334382912833952,-0.8127047724481719,0
265,3,15,15,"{'max_depth': 15, 'max_features': 15, 'n_estimators': 3}",-0.15886559835974043,-0.6111038466808323,0
266,5,15,15,"{'max_depth': 15, 'max_features': 15, 'n_estimators': 5}",-0.11507721126744172,-0.5349561080116298,0
267,7,15,15,"{'max_depth': 15, 'max_features': 15, 'n_estimators': 7}",-0.0966177377337595,-0.5162217330148844,0
268,10,15,15,"{'max_depth': 15, 'max_features': 15, 'n_estimators': 10}",-0.09301155062153592,-0.5193942136050665,0
269,15,15,15,"{'max_depth': 15, 'max_features': 15, 'n_estimators': 15}",-0.08369569009484108,-0.48362841999999445,0
270,20,15,15,"{'max_depth': 15, 'max_features': 15, 'n_estimators': 20}",-0.07820135741682006,-0.5025070939326197,0
271,50,15,15,"{'max_depth': 15, 'max_features': 15, 'n_estimators': 50}",-0.07335779239747967,-0.47428447222903297,0
272,1,20,15,"{'max_depth': 15, 'max_features': 20, 'n_estimators': 1}",-0.3705966086722765,-0.8705749932026776,0
273,3,20,15,"{'max_depth': 15, 'max_features': 20, 'n_estimators': 3}",-0.17042429588411756,-0.5669168514661533,0
274,5,20,15,"{'max_depth': 15, 'max_features': 20, 'n_estimators': 5}",-0.12129001527612256,-0.5991462728276592,0
275,7,20,15,"{'max_depth': 15, 'max_features': 20, 'n_estimators': 7}",-0.10455026552035403,-0.5389606445435995,0
276,10,20,15,"{'max_depth': 15, 'max_features': 20, 'n_estimators': 10}",-0.0964415950082275,-0.5097022626221146,0
277,15,20,15,"{'max_depth': 15, 'max_features': 20, 'n_estimators': 15}",-0.08682246501994598,-0.5182220494589216,0
278,20,20,15,"{'max_depth': 15, 'max_features': 20, 'n_estimators': 20}",-0.07955036067195434,-0.5177495372636638,0
279,50,20,15,"{'max_depth': 15, 'max_features': 20, 'n_estimators': 50}",-0.06970879540515638,-0.48295579228910784,0
